,x
1,유족 측 장례는 가족장고인 뜻에 화장
2,국가장 등 예우 없을 듯노태우와 상황 다르다
3,전두환 장례식 어떻게국가장 일고의 가치도 없다
4,권칠승 장관 신속 집행 위해 현금 대신 융자 지원
5,손실보상 제외업종 10만개 1 대출2천만원 특별융자
6,손실보상 못받은 소상공인 최대 2천만원 1 고정금리로 대출
7,학살 사죄 없이 떠난 전두환 광주 각계각층 공분
8,전두환 사망국가장 반대추징금 환수 광주시민 부글부글
9,전두환 독방 아닌 집에서 편안하게 죽음 맞이 분노의 광주
10,헤밍웨이가 술자리 내기하다 내준 당구채 경매로 나왔다
11,헤밍웨이가 술내기서 잃은 당구채 경매나왔다시작가는
12,헤밍웨이가 술자리 내기로 잃은 당구채 사후 60년만에 경매로 나와
13,이재명 논문검증 버티는 가천대교육부 검증하라 재촉
14,서울고검 조국 수사팀 편향 수사 감찰 무혐의 처분
15,中 대사 종전선언 중국과 상의 발언에외교부 새로운 것 아냐
16,與 종부세 폭탄론 프레임 깨기 총력전폭탄 아닌 정밀타격
17,518 사과 없던 전두환 文대통령과 옛 인연 눈길
18,카타르 前고위간부 고용 월드컵 유치 성공중요 정보 염탐
19,베네수엘라 집권당 지방선거 압승주지사 당선 야당에 203 우위
20,추가접종 하고 안 하고 차이감염병 예방 위한 어쩔 수 없는 조치
21,초과세수 19조 어떻게 쓰이나소상공인 지원 35조국채상환 25조
22,李 디지털 대전환 공약 발표김종인 尹 선대위 합류 거부
23,호주 야당 모리슨 정부 반중 정책 위험한 선거 전략
24,기재부 보유세 부담 주요국보다 낮아종부세 폭탄 반박
25,서울신문 나우뉴스 지구를 보다
26,퇴근길 한 컷
27,필리핀 두테르테 대통령
28,포토친구
29, 1 위 쓰리 허와 장세동5공 실세들의 현재는 
30, 2 위 문재인 대통령과 전두환 얽히고 설킨 묘한 인연 
31, 3 위 아웅산서 간발의 차로 목숨 구해北 무력보복 대신 늑대사냥전두환 19312021 
32, 4 위 전두환 사망 장세동쓰리허5공 실세들은 어디에 
33, 5 위 전두환 사망 능력 부족 믿을 수 없고 흠 많아 
34, 1 위 이재명 전두환은 학살 주범 조문 안 가윤석열 조문은 가야종합 
35, 2 위 뉴시스 전두환 오늘 오전 사망향년 90세 
36, 3 위 홍준표 누가 제일 싫으세요 지지자 질문에이재명 
37, 4 위 박상아 남편 전재용 목사공부 반대해 엄청 싸웠다 
38, 5 위 생활비도 부족한데 빚내서 종부세 내라는 거냐국민들 단단히 뿔났다 
39,지나가는 사람 신경 안써 한국 여성 앞머리 헤어롤 세계가 주목
40,지하철 바닥 드러누워 인생은 3호선 빌런녀 내쫓겼다 영상
41,박상아 남편 전재용 목사공부 반대해 엄청 싸웠다
42,전두환 전 대통령 고향 합천서도공식 추모행사 안 열기로
43,이순자 남편은 대한민국 민주주의 아버지 전두환 가족도 사과 외면
44,남편 억울한 옥살이에법원간부 성 노리개 됐다 中 여성의 절규
45,홍준표 누가 제일 싫으세요 지지자 질문에이재명
46,쓰리 허와 장세동5공 실세들의 현재는
47,코스피
48,299733포인트
49, 1592 하락 
50,053 하락
51,코스닥
52,101372포인트
53, 1859 하락 
54,180 하락
55,다우
56,3561925포인트
57, 1727 상승 
58,005 상승
59,정정보도문 관련
